date,department,ad_spend,revenue
2025-01-01,Software,3841.12,18733.89
2025-01-01,Hardware,4358.31,15773.95
2025-01-01,Services,3688.92,11766.29
2025-01-01,Sales,3015.11,15382.10
2025-01-02,Software,3233.20,17455.36
2025-01-02,Hardware,3849.27,14945.29
2025-01-02,Services,2669.65,9389.06
2025-01-02,Sales,998.95,8450.18
2025-01-03,Software,2897.40,16780.16
2025-01-03,Hardware,1670.30,10251.70
2025-01-03,Services,2077.97,8071.66
2025-01-03,Sales,3181.97,14347.87
2025-01-04,Software,2180.24,15291.71
2025-01-04,Hardware,1625.71,10143.93
2025-01-04,Services,3830.83,
2025-01-04,Sales,3611.51,17898.75
2025-01-05,Software,2925.73,14733.19
2025-01-05,Hardware,3272.29,
2025-01-05,Services,2625.76,9944.41
2025-01-05,Sales,3944.41,20059.84
2025-01-06,Software,5288.09,25563.82
2025-01-06,Hardware,4567.55,18378.62
2025-01-06,Services,2524.17,9505.58
2025-01-06,Sales,5011.13,21879.96
2025-01-07,Software,2776.31,
2025-01-07,Hardware,4439.87,17700.95
2025-01-07,Services,4608.89,14481.33
2025-01-07,Sales,4571.43,23415.23
2025-01-08,Software,2293.07,16816.73
2025-01-08,Hardware,4043.49,16463.80
2025-01-08,Services,4693.46,14475.01
2025-01-08,Sales,472.58,6558.51
2025-01-09,Software,3702.67,23251.74
2025-01-09,Hardware,1398.27,9153.61
2025-01-09,Services,3031.38,11151.82
2025-01-09,Sales,4008.86,18743.34
2025-01-10,Software,4008.96,23815.93
2025-01-10,Hardware,3757.15,16511.17
2025-01-10,Services,2654.26,10127.47
2025-01-10,Sales,3631.60,19165.93
2025-01-11,Software,526.38,6564.09
2025-01-11,Hardware,2400.20,12526.03
2025-01-11,Services,2803.02,10479.86
2025-01-11,Sales,2263.18,13891.33
2025-01-12,Software,4346.44,20969.34
2025-01-12,Hardware,2264.48,11599.35
2025-01-12,Services,2577.48,9976.05
2025-01-12,Sales,4628.30,21059.32
2025-01-13,Software,4173.03,25191.19
2025-01-13,Hardware,3629.91,16811.27
2025-01-13,Services,2883.91,10747.47
2025-01-13,Sales,3319.49,16580.00
2025-01-14,Software,3721.23,18705.54
2025-01-14,Hardware,3380.72,
2025-01-14,Services,3730.86,12837.84
2025-01-14,Sales,4506.34,21216.24
2025-01-15,Software,5142.52,26216.66
2025-01-15,Hardware,4157.72,16555.60
2025-01-15,Services,4903.57,15026.97
2025-01-15,Sales,2409.24,13766.13
2025-01-16,Software,2475.95,15454.96
2025-01-16,Hardware,3270.13,15818.83
2025-01-16,Services,4294.08,13503.73
2025-01-16,Sales,2883.15,16429.74
2025-01-17,Software,3778.02,20582.28
2025-01-17,Hardware,2187.01,12146.01
2025-01-17,Services,3804.48,12728.12
2025-01-17,Sales,2737.45,
2025-01-18,Software,3551.15,21750.41
2025-01-18,Hardware,3650.45,
2025-01-18,Services,3591.05,12398.34
2025-01-18,Sales,2372.66,13853.67
2025-01-19,Software,3543.90,85823.53
2025-01-19,Hardware,3071.31,13828.53
2025-01-19,Services,3498.81,12350.38
2025-01-19,Sales,4141.82,20184.62
2025-01-20,Software,3775.95,3291.99
2025-01-20,Hardware,4241.91,17530.53
2025-01-20,Services,2963.81,11901.28
2025-01-20,Sales,4518.08,20074.59
2025-01-21,Software,4532.36,25367.16
2025-01-21,Hardware,3775.87,16325.34
2025-01-21,Services,,9246.24
2025-01-21,Sales,,22204.01
2025-01-22,Software,4192.71,20879.01
2025-01-22,Hardware,4263.07,16978.03
2025-01-22,Services,3443.57,11736.65
2025-01-22,Sales,1809.43,11351.15
2025-01-23,Software,2226.06,20783.95
2025-01-23,Hardware,4242.45,17175.86
2025-01-23,Services,2068.92,9517.03
2025-01-23,Sales,3551.12,17918.17
2025-01-24,Software,2589.75,15105.17
2025-01-24,Hardware,4992.29,18927.00
2025-01-24,Services,3159.97,12539.47
2025-01-24,Sales,2181.54,12896.90
2025-01-25,Software,4188.70,22273.03
2025-01-25,Hardware,2405.59,11999.62
2025-01-25,Services,,12221.45
2025-01-25,Sales,3442.05,17336.53
2025-01-26,Software,2485.61,17451.66
2025-01-26,Hardware,3070.41,15504.33
2025-01-26,Services,3201.38,11519.60
2025-01-26,Sales,3443.81,
2025-01-27,Software,3757.92,21885.50
2025-01-27,Hardware,3891.35,16487.82
2025-01-27,Services,3571.83,12205.37
2025-01-27,Sales,2394.45,14889.53
2025-01-28,Software,3418.52,20917.88
2025-01-28,Hardware,2936.82,15073.13
2025-01-28,Services,3598.96,12438.46
2025-01-28,Sales,1354.33,11032.42
2025-01-29,Software,4030.01,21193.79
2025-01-29,Hardware,2795.62,13265.49
2025-01-29,Services,5074.95,15859.23
2025-01-29,Sales,2105.76,12611.74
2025-01-30,Software,4658.38,30681.30
2025-01-30,Hardware,4615.43,19820.95
2025-01-30,Services,6250.49,
2025-01-30,Sales,2512.63,15729.01
2025-01-31,Software,3321.38,22243.96
2025-01-31,Hardware,2538.68,15167.84
2025-01-31,Services,3604.47,12902.65
2025-01-31,Sales,3392.48,18135.02
2025-02-01,Software,,24681.61
2025-02-01,Hardware,4878.11,20994.29
2025-02-01,Services,3258.24,12190.97
2025-02-01,Sales,3407.36,19135.47
2025-02-02,Software,5861.02,26884.43
2025-02-02,Hardware,3658.72,16850.39
2025-02-02,Services,4608.91,15159.74
2025-02-02,Sales,3818.50,19257.18
2025-02-03,Software,4501.73,25579.46
2025-02-03,Hardware,5086.27,20588.45
2025-02-03,Services,2822.94,
2025-02-03,Sales,3505.01,18912.31
2025-02-04,Software,2751.67,20376.79
2025-02-04,Hardware,4295.59,18389.69
2025-02-04,Services,5094.80,
2025-02-04,Sales,4211.95,21294.24
2025-02-05,Software,4328.90,26537.54
2025-02-05,Hardware,1135.58,10508.27
2025-02-05,Services,2059.91,9753.58
2025-02-05,Sales,5417.49,24451.72
2025-02-06,Software,4324.06,23929.48
2025-02-06,Hardware,3113.97,15849.43
2025-02-06,Services,3370.72,12874.69
2025-02-06,Sales,1792.61,14501.69
2025-02-07,Software,3781.66,
2025-02-07,Hardware,5336.61,22739.28
2025-02-07,Services,3158.77,12332.33
2025-02-07,Sales,3872.20,20729.92
2025-02-08,Software,3296.16,19449.74
2025-02-08,Hardware,4432.58,20794.60
2025-02-08,Services,4960.43,15953.36
2025-02-08,Sales,3637.95,20386.59
2025-02-09,Software,3375.44,3889.64
2025-02-09,Hardware,3817.51,14727.67
2025-02-09,Services,3650.17,2773.43
2025-02-09,Sales,4340.19,4722.29
2025-02-10,Software,2526.89,19128.32
2025-02-10,Hardware,4158.87,18397.38
2025-02-10,Services,2525.99,11008.42
2025-02-10,Sales,3367.47,19515.35
2025-02-11,Software,3336.29,23927.08
2025-02-11,Hardware,3663.82,18196.55
2025-02-11,Services,2967.58,12322.09
2025-02-11,Sales,4666.38,27354.62
2025-02-12,Software,4991.37,30826.38
2025-02-12,Hardware,3222.74,16273.26
2025-02-12,Services,4429.50,15490.69
2025-02-12,Sales,4137.76,20811.98
2025-02-13,Software,3401.90,20124.75
2025-02-13,Hardware,2665.43,15253.52
2025-02-13,Services,1497.83,8358.19
2025-02-13,Sales,1723.59,12998.63
2025-02-14,Software,3282.08,19504.99
2025-02-14,Hardware,4092.75,18299.33
2025-02-14,Services,4413.55,15101.79
2025-02-14,Sales,3605.92,20533.01
2025-02-15,Software,,24977.90
2025-02-15,Hardware,3855.91,17320.88
2025-02-15,Services,3869.84,13766.95
2025-02-15,Sales,3501.69,21927.54
2025-02-16,Software,3234.21,22608.08
2025-02-16,Hardware,3242.54,15304.20
2025-02-16,Services,3278.92,12566.60
2025-02-16,Sales,4632.55,23445.65
2025-02-17,Software,2646.21,18262.80
2025-02-17,Hardware,3638.92,17252.76
2025-02-17,Services,2432.74,10413.12
2025-02-17,Sales,1588.51,13662.69
2025-02-18,Software,3253.99,19992.79
2025-02-18,Hardware,4164.11,18017.73
2025-02-18,Services,3896.07,13815.36
2025-02-18,Sales,3941.93,20636.72
2025-02-19,Software,3935.02,22624.66
2025-02-19,Hardware,2562.99,
2025-02-19,Services,3082.00,
2025-02-19,Sales,4258.82,2992.07
2025-02-20,Software,1929.72,14040.92
2025-02-20,Hardware,5206.33,22906.31
2025-02-20,Services,5455.97,16647.79
2025-02-20,Sales,1316.57,12986.64
2025-02-21,Software,4564.85,24981.82
2025-02-21,Hardware,5084.55,19555.55
2025-02-21,Services,1751.16,9142.59
2025-02-21,Sales,4259.54,20942.36
2025-02-22,Software,5273.02,28599.14
2025-02-22,Hardware,2214.51,13341.69
2025-02-22,Services,,14446.97
2025-02-22,Sales,3430.78,18849.99
2025-02-23,Software,,
2025-02-23,Hardware,3893.04,18235.07
2025-02-23,Services,,10541.08
2025-02-23,Sales,4250.53,
2025-02-24,Software,4738.06,24339.13
2025-02-24,Hardware,3506.94,16429.92
2025-02-24,Services,,11563.08
2025-02-24,Sales,4165.05,20204.76
2025-02-25,Software,3878.24,24819.65
2025-02-25,Hardware,2949.57,14660.44
2025-02-25,Services,4662.24,15673.01
2025-02-25,Sales,4410.36,22138.31
2025-02-26,Software,3127.13,22798.70
2025-02-26,Hardware,4229.47,18973.24
2025-02-26,Services,3285.28,12696.12
2025-02-26,Sales,3699.14,19041.30
2025-02-27,Software,3174.54,22868.40
2025-02-27,Hardware,3475.96,17023.33
2025-02-27,Services,2503.62,11139.17
2025-02-27,Sales,4310.06,22269.24
2025-02-28,Software,,19793.49
2025-02-28,Hardware,3647.50,17527.35
2025-02-28,Services,4022.05,14189.01
2025-02-28,Sales,3450.05,19519.84
2025-03-01,Software,4172.11,29758.84
2025-03-01,Hardware,5680.43,23227.21
2025-03-01,Services,5095.31,16601.85
2025-03-01,Sales,2847.55,17940.85
2025-03-02,Software,4900.63,
2025-03-02,Hardware,4335.17,19157.21
2025-03-02,Services,3956.78,14411.15
2025-03-02,Sales,1645.74,14409.51
2025-03-03,Software,4825.66,
2025-03-03,Hardware,3902.67,18517.99
2025-03-03,Services,2448.33,11182.37
2025-03-03,Sales,3323.01,18213.75
2025-03-04,Software,2390.31,18529.28
2025-03-04,Hardware,3308.87,16431.27
2025-03-04,Services,4442.07,15440.67
2025-03-04,Sales,2783.74,17040.24
2025-03-05,Software,3524.83,20935.84
2025-03-05,Hardware,3400.63,17152.23
2025-03-05,Services,2213.19,10550.86
2025-03-05,Sales,3843.58,20234.07
2025-03-06,Software,4424.86,28144.67
2025-03-06,Hardware,4843.19,20631.79
2025-03-06,Services,3970.67,
2025-03-06,Sales,4398.18,27967.42
2025-03-07,Software,2866.34,21076.47
2025-03-07,Hardware,3609.84,17305.60
2025-03-07,Services,3737.97,14462.79
2025-03-07,Sales,4153.91,21752.75
2025-03-08,Software,3877.55,22641.05
2025-03-08,Hardware,979.89,10669.80
2025-03-08,Services,2304.26,11285.12
2025-03-08,Sales,2995.67,18278.52
2025-03-09,Software,3165.26,20765.49
2025-03-09,Hardware,2776.22,15632.26
2025-03-09,Services,4709.46,16449.23
2025-03-09,Sales,1589.48,14106.81
2025-03-10,Software,2915.41,19291.75
2025-03-10,Hardware,2386.66,15354.77
2025-03-10,Services,2727.33,12142.45
2025-03-10,Sales,3124.41,19144.70
2025-03-11,Software,1968.02,16673.78
2025-03-11,Hardware,2537.93,14040.99
2025-03-11,Services,2959.47,12895.24
2025-03-11,Sales,2527.45,18884.32
2025-03-12,Software,2070.63,18382.51
2025-03-12,Hardware,3600.06,17711.51
2025-03-12,Services,3416.20,13601.69
2025-03-12,Sales,2056.08,16526.51
2025-03-13,Software,4269.19,24319.03
2025-03-13,Hardware,5465.23,22833.10
2025-03-13,Services,2594.62,11612.69
2025-03-13,Sales,3135.20,18890.58
2025-03-14,Software,1532.71,14255.64
2025-03-14,Hardware,3750.10,18669.53
2025-03-14,Services,3750.96,14466.95
2025-03-14,Sales,4493.67,23707.61
2025-03-15,Software,,15602.49
2025-03-15,Hardware,3501.95,18439.16
2025-03-15,Services,3256.08,13573.13
2025-03-15,Sales,2630.75,16930.02
2025-03-16,Software,,20307.12
2025-03-16,Hardware,3024.47,16078.15
2025-03-16,Services,2690.43,11922.79
2025-03-16,Sales,3252.47,21661.11
2025-03-17,Software,2108.65,16244.25
2025-03-17,Hardware,2354.27,14502.48
2025-03-17,Services,5541.40,18131.99
2025-03-17,Sales,2914.83,19524.22
2025-03-18,Software,3671.53,3378.57
2025-03-18,Hardware,2336.48,
2025-03-18,Services,3166.79,12596.25
2025-03-18,Sales,,85877.20
2025-03-19,Software,3022.23,21089.58
2025-03-19,Hardware,3056.16,16509.57
2025-03-19,Services,5936.04,18642.13
2025-03-19,Sales,4518.22,22194.88
2025-03-20,Software,2865.20,21891.59
2025-03-20,Hardware,2180.14,13480.20
2025-03-20,Services,3491.58,13428.06
2025-03-20,Sales,4286.66,23306.71
2025-03-21,Software,1801.61,17507.93
2025-03-21,Hardware,2195.37,14462.60
2025-03-21,Services,2518.54,11263.83
2025-03-21,Sales,4033.77,21429.88
2025-03-22,Software,3267.11,20018.91
2025-03-22,Hardware,3839.52,18015.68
2025-03-22,Services,1719.26,9298.81
2025-03-22,Sales,3598.62,21019.21
2025-03-23,Software,4595.21,26383.73
2025-03-23,Hardware,2637.14,15013.51
2025-03-23,Services,2762.85,11603.81
2025-03-23,Sales,3166.75,18710.54
2025-03-24,Software,4372.72,25334.75
2025-03-24,Hardware,3633.19,17976.54
2025-03-24,Services,2472.31,11194.13
2025-03-24,Sales,2484.12,15863.28
2025-03-25,Software,,20301.38
2025-03-25,Hardware,1809.70,
2025-03-25,Services,3878.75,
2025-03-25,Sales,3444.95,19200.27
2025-03-26,Software,3687.12,24428.08
2025-03-26,Hardware,5343.75,21973.65
2025-03-26,Services,2486.82,11488.42
2025-03-26,Sales,6023.52,29268.00
2025-03-27,Software,3714.47,21773.59
2025-03-27,Hardware,3638.91,20694.52
2025-03-27,Services,4533.24,16002.66
2025-03-27,Sales,3869.99,20854.63
2025-03-28,Software,4570.94,26936.98
2025-03-28,Hardware,3422.83,17527.55
2025-03-28,Services,3693.63,2081.28
2025-03-28,Sales,3187.79,18683.77
2025-03-29,Software,2862.87,20965.84
2025-03-29,Hardware,3759.78,18888.71
2025-03-29,Services,2273.26,10728.06
2025-03-29,Sales,4327.34,22498.87
2025-03-30,Software,4441.40,25907.11
2025-03-30,Hardware,4042.54,18869.80
2025-03-30,Services,3469.72,13970.20
2025-03-30,Sales,3070.41,19158.92
2025-03-30,Software,3421.93,21677.54
2025-03-30,Hardware,3147.18,16276.33
2025-03-30,Services,559.45,6749.58
2025-03-30,Sales,2674.55,17070.22
2025-03-31,Software,3577.97,22698.44
2025-03-31,Hardware,2977.39,17308.67
2025-03-31,Services,3718.14,14667.53
2025-03-31,Sales,3491.17,20069.44
2025-04-01,Software,3335.61,21367.82
2025-04-01,Hardware,3897.63,19219.78
2025-04-01,Services,1996.59,11212.57
2025-04-01,Sales,2827.61,17576.59
2025-04-02,Software,5170.38,27600.33
2025-04-02,Hardware,3178.53,16743.91
2025-04-02,Services,,
2025-04-02,Sales,5344.92,26247.37
2025-04-03,Software,2259.47,18805.11
2025-04-03,Hardware,5817.53,24118.70
2025-04-03,Services,4071.96,15451.28
2025-04-03,Sales,3817.15,22199.70
2025-04-04,Software,3896.90,23996.78
2025-04-04,Hardware,5130.25,22243.18
2025-04-04,Services,3901.65,15605.12
2025-04-04,Sales,3569.57,20859.20
2025-04-05,Software,2982.69,21886.11
2025-04-05,Hardware,2849.05,17133.92
2025-04-05,Services,3952.64,15136.55
2025-04-05,Sales,4599.31,23693.21
2025-04-06,Software,5075.35,28255.61
2025-04-06,Hardware,4040.93,20342.57
2025-04-06,Services,2618.73,12622.04
2025-04-06,Sales,3804.94,23260.26
2025-04-07,Software,3576.80,26803.13
2025-04-07,Hardware,3164.36,16930.71
2025-04-07,Services,4962.68,17423.71
2025-04-07,Sales,2640.88,20481.85
2025-04-08,Software,3256.59,20741.76
2025-04-08,Hardware,2925.79,17682.97
2025-04-08,Services,2902.68,13426.91
2025-04-08,Sales,3590.50,21265.16
2025-04-09,Software,2265.98,59955.17
2025-04-09,Hardware,5263.28,72176.49
2025-04-09,Services,4962.87,55888.56
2025-04-09,Sales,2522.49,56601.77
2025-04-10,Software,2830.16,19001.32
2025-04-10,Hardware,2991.85,16486.57
2025-04-10,Services,2772.98,12997.28
2025-04-10,Sales,6389.03,30040.46
2025-04-11,Software,3862.28,25070.37
2025-04-11,Hardware,2626.59,17620.86
2025-04-11,Services,3642.33,15139.22
2025-04-11,Sales,4316.73,24293.92
2025-04-12,Software,4936.06,29950.36
2025-04-12,Hardware,2605.75,15315.84
2025-04-12,Services,2929.50,13539.40
2025-04-12,Sales,2236.73,17894.83
2025-04-13,Software,3685.02,
2025-04-13,Hardware,2910.49,16616.73
2025-04-13,Services,2483.66,11906.76
2025-04-13,Sales,2076.31,16255.50
2025-04-14,Software,2908.90,23330.35
2025-04-14,Hardware,3711.21,18663.15
2025-04-14,Services,2554.36,11886.07
2025-04-14,Sales,,23250.56
2025-04-15,Software,2324.64,19167.59
2025-04-15,Hardware,2893.55,15696.88
2025-04-15,Services,4793.58,16914.88
2025-04-15,Sales,2364.74,16749.12
2025-04-16,Software,3464.11,23483.17
2025-04-16,Hardware,3873.01,18626.37
2025-04-16,Services,4169.07,15693.97
2025-04-16,Sales,4846.74,24001.39
2025-04-17,Software,3319.99,22850.37
2025-04-17,Hardware,3469.97,17285.02
2025-04-17,Services,1975.96,10467.07
2025-04-17,Sales,3521.83,20830.52
2025-04-18,Software,2586.60,83789.82
2025-04-18,Hardware,3205.19,2445.16
2025-04-18,Services,3781.75,14702.57
2025-04-18,Sales,5211.28,26803.78
2025-04-19,Software,2893.38,18706.84
2025-04-19,Hardware,3224.63,17186.54
2025-04-19,Services,4259.48,15585.20
2025-04-19,Sales,3400.19,
2025-04-20,Software,1862.28,18451.04
2025-04-20,Hardware,3119.55,17298.50
2025-04-20,Services,4126.61,15391.58
2025-04-20,Sales,3060.60,19956.92
2025-04-21,Software,5784.65,30126.86
2025-04-21,Hardware,3134.75,17699.15
2025-04-21,Services,2746.95,12077.88
2025-04-21,Sales,3705.25,20953.72
2025-04-22,Software,3138.35,23035.57
2025-04-22,Hardware,5774.35,25177.19
2025-04-22,Services,2916.60,12707.65
2025-04-22,Sales,3094.68,18712.02
2025-04-23,Software,2864.94,18887.60
2025-04-23,Hardware,3266.63,16862.24
2025-04-23,Services,2471.55,12209.04
2025-04-23,Sales,,21572.36
2025-04-24,Software,2862.90,3220.22
2025-04-24,Hardware,3197.27,17435.30
2025-04-24,Services,2569.76,12255.79
2025-04-24,Sales,2830.09,18344.74
2025-04-25,Software,3662.01,22979.01
2025-04-25,Hardware,3113.02,16332.73
2025-04-25,Services,3867.99,14884.97
2025-04-25,Sales,2210.39,15551.26
2025-04-26,Software,2020.14,18555.01
2025-04-26,Hardware,4871.01,21220.41
2025-04-26,Services,3213.21,13223.21
2025-04-26,Sales,5153.31,
2025-04-27,Software,4122.98,24683.48
2025-04-27,Hardware,3097.62,17677.09
2025-04-27,Services,5554.72,18504.74
2025-04-27,Sales,3988.79,20867.73
2025-04-28,Software,3418.09,24485.09
2025-04-28,Hardware,2966.62,18717.62
2025-04-28,Services,3193.45,13379.58
2025-04-28,Sales,4512.26,24236.81
2025-04-29,Software,3397.41,26759.76
2025-04-29,Hardware,3161.31,19434.25
2025-04-29,Services,3731.14,15199.42
2025-04-29,Sales,2172.22,16629.15
2025-04-30,Software,3773.74,28101.39
2025-04-30,Hardware,3323.68,18463.33
2025-04-30,Services,3516.97,14360.19
2025-04-30,Sales,4094.43,23198.14
2025-05-01,Software,3581.97,24570.10
2025-05-01,Hardware,4065.18,20411.65
2025-05-01,Services,3527.60,14419.08
2025-05-01,Sales,3231.08,22120.41
2025-05-02,Software,1447.44,17287.52
2025-05-02,Hardware,5594.73,24632.58
2025-05-02,Services,2498.09,12673.29
2025-05-02,Sales,5054.85,25878.03
2025-05-03,Software,4055.29,26411.89
2025-05-03,Hardware,3343.54,19840.11
2025-05-03,Services,3336.61,14844.90
2025-05-03,Sales,3503.79,20924.58
2025-05-04,Software,4310.28,29118.45
2025-05-04,Hardware,5008.13,23590.71
2025-05-04,Services,3050.82,13898.62
2025-05-04,Sales,3123.15,20740.18
2025-05-05,Software,3520.84,24374.00
2025-05-05,Hardware,3874.32,20540.21
2025-05-05,Services,2229.93,11909.45
2025-05-05,Sales,5955.29,29169.51
2025-05-06,Software,3541.07,26286.65
2025-05-06,Hardware,3264.48,18880.34
2025-05-06,Services,4252.93,16636.89
2025-05-06,Sales,2979.77,19334.89
2025-05-07,Software,4508.67,27137.18
2025-05-07,Hardware,2391.79,17047.73
2025-05-07,Services,5408.45,18983.03
2025-05-07,Sales,2240.64,17563.36
2025-05-08,Software,4431.65,30811.96
2025-05-08,Hardware,3098.88,18272.95
2025-05-08,Services,1940.82,
2025-05-08,Sales,4664.57,25062.26
2025-05-09,Software,5237.49,29897.74
2025-05-09,Hardware,1489.61,12724.71
2025-05-09,Services,2908.93,13781.35
2025-05-09,Sales,3493.68,
2025-05-10,Software,4255.48,26552.72
2025-05-10,Hardware,3481.85,18798.40
2025-05-10,Services,2933.78,13478.88
2025-05-10,Sales,1660.30,14800.28
2025-05-11,Software,3505.52,24976.42
2025-05-11,Hardware,1804.00,13648.86
2025-05-11,Services,2464.14,12737.63
2025-05-11,Sales,1900.63,66695.74
2025-05-12,Software,4303.83,25624.24
2025-05-12,Hardware,3700.03,19094.29
2025-05-12,Services,3767.66,15174.98
2025-05-12,Sales,2833.77,18936.76
2025-05-13,Software,4401.12,27911.65
2025-05-13,Hardware,4771.31,23904.07
2025-05-13,Services,2302.84,12122.83
2025-05-13,Sales,3168.21,20373.53
2025-05-14,Software,3698.66,25955.69
2025-05-14,Hardware,2329.29,15269.69
2025-05-14,Services,2178.74,11527.23
2025-05-14,Sales,3064.55,19292.60
2025-05-15,Software,4497.97,26300.59
2025-05-15,Hardware,3060.38,17715.13
2025-05-15,Services,2094.27,11345.51
2025-05-15,Sales,3540.83,20443.54
2025-05-16,Software,5935.93,32847.86
2025-05-16,Hardware,3758.79,20821.80
2025-05-16,Services,3069.74,13534.55
2025-05-16,Sales,4029.07,23959.24
2025-05-17,Software,3851.42,26227.96
2025-05-17,Hardware,3499.12,18681.06
2025-05-17,Services,2363.33,11994.26
2025-05-17,Sales,2535.41,20650.60
2025-05-18,Software,4086.25,24569.31
2025-05-18,Hardware,4376.01,20229.56
2025-05-18,Services,3615.36,14885.31
2025-05-18,Sales,3047.60,20069.72
2025-05-19,Software,2724.73,22078.02
2025-05-19,Hardware,2190.06,15916.67
2025-05-19,Services,4373.66,16186.06
2025-05-19,Sales,3404.86,21197.11
2025-05-20,Software,3008.21,20994.33
2025-05-20,Hardware,3104.40,17864.16
2025-05-20,Services,2961.59,13102.98
2025-05-20,Sales,3394.24,21202.43
2025-05-21,Software,4736.20,29971.53
2025-05-21,Hardware,4554.78,20195.49
2025-05-21,Services,,17432.07
2025-05-21,Sales,4541.46,24471.74
2025-05-22,Software,4327.95,25523.28
2025-05-22,Hardware,4080.22,
2025-05-22,Services,2069.80,
2025-05-22,Sales,3834.68,22103.34
2025-05-23,Software,4112.13,27668.45
2025-05-23,Hardware,3606.28,18815.71
2025-05-23,Services,4086.66,15559.10
2025-05-23,Sales,,21872.20
2025-05-24,Software,3497.66,23167.00
2025-05-24,Hardware,1602.95,15969.94
2025-05-24,Services,1689.62,10661.39
2025-05-24,Sales,3592.96,20702.08
2025-05-25,Software,2146.49,18964.93
2025-05-25,Hardware,3373.57,18850.52
2025-05-25,Services,4030.08,15441.77
2025-05-25,Sales,5036.01,25714.47
2025-05-26,Software,3535.75,24324.37
2025-05-26,Hardware,3532.62,19504.32
2025-05-26,Services,3451.83,14838.84
2025-05-26,Sales,4195.62,27475.83
2025-05-27,Software,2081.21,17027.93
2025-05-27,Hardware,2077.64,14722.53
2025-05-27,Services,3199.39,14090.28
2025-05-27,Sales,2465.36,17319.75
2025-05-28,Software,3564.72,3905.10
2025-05-28,Hardware,,19889.81
2025-05-28,Services,4746.51,18124.47
2025-05-28,Sales,,24155.07
2025-05-29,Software,3666.88,26841.48
2025-05-29,Hardware,3053.46,19061.58
2025-05-29,Services,2968.75,13640.22
2025-05-29,Sales,2945.06,19890.06
2025-05-30,Software,2630.58,19823.34
2025-05-30,Hardware,2671.20,18344.28
2025-05-30,Services,2898.33,13717.07
2025-05-30,Sales,5206.41,27860.22
2025-05-31,Software,4025.61,25437.80
2025-05-31,Hardware,1046.00,12773.78
2025-05-31,Services,3627.69,15718.67
2025-05-31,Sales,4928.12,26015.05
2025-06-01,Software,2427.63,25062.00
2025-06-01,Hardware,5309.05,24703.50
2025-06-01,Services,3893.48,16409.93
2025-06-01,Sales,2972.80,20610.08
2025-06-02,Software,5944.27,32656.37
2025-06-02,Hardware,2871.92,17763.99
2025-06-02,Services,4399.14,17545.70
2025-06-02,Sales,5204.41,27633.58
2025-06-03,Software,3305.91,24453.49
2025-06-03,Hardware,3791.98,20682.79
2025-06-03,Services,3681.70,15959.87
2025-06-03,Sales,3986.49,93065.05
2025-06-04,Software,2703.82,21927.30
2025-06-04,Hardware,2587.60,16631.59
2025-06-04,Services,3071.74,15426.35
2025-06-04,Sales,2221.70,19340.24
2025-06-05,Software,3975.05,26596.07
2025-06-05,Hardware,3506.73,20189.61
2025-06-05,Services,2493.12,13264.54
2025-06-05,Sales,3597.11,22480.99
2025-06-06,Software,4530.38,27039.80
2025-06-06,Hardware,3900.36,20818.65
2025-06-06,Services,3798.43,15846.75
2025-06-06,Sales,2967.04,21137.15
2025-06-07,Software,5184.45,28343.14
2025-06-07,Hardware,3158.32,
2025-06-07,Services,3780.16,16101.10
2025-06-07,Sales,4245.94,
2025-06-08,Software,3352.96,24912.08
2025-06-08,Hardware,2870.40,17206.86
2025-06-08,Services,3892.18,16161.62
2025-06-08,Sales,3027.53,20641.71
2025-06-09,Software,2564.27,22581.32
2025-06-09,Hardware,2577.12,17918.22
2025-06-09,Services,3658.00,15425.49
2025-06-09,Sales,3299.46,22009.19
2025-06-10,Software,4400.49,28910.89
2025-06-10,Hardware,3981.22,20449.20
2025-06-10,Services,5109.74,18497.22
2025-06-10,Sales,2918.43,3065.26
2025-06-11,Software,4092.79,29907.17
2025-06-11,Hardware,3726.14,22115.58
2025-06-11,Services,2456.84,12819.88
2025-06-11,Sales,3707.05,23905.01
2025-06-12,Software,3701.68,
2025-06-12,Hardware,2874.63,17462.05
2025-06-12,Services,,13508.55
2025-06-12,Sales,4054.23,24777.74
2025-06-13,Software,,22713.81
2025-06-13,Hardware,5300.73,23605.79
2025-06-13,Services,5792.16,19835.42
2025-06-13,Sales,4315.43,23851.78
2025-06-14,Software,4383.11,26798.58
2025-06-14,Hardware,,22610.38
2025-06-14,Services,5120.32,18301.10
2025-06-14,Sales,3400.08,89073.94
2025-06-15,Software,5367.69,31375.27
2025-06-15,Hardware,2609.39,16509.05
2025-06-15,Services,3251.06,14678.59
2025-06-15,Sales,2574.80,18532.82
2025-06-16,Software,2412.25,20873.81
2025-06-16,Hardware,3101.82,18028.80
2025-06-16,Services,4863.22,19182.24
2025-06-16,Sales,3412.59,20927.75
2025-06-17,Software,4429.63,27183.57
2025-06-17,Hardware,3985.77,21054.96
2025-06-17,Services,,16962.64
2025-06-17,Sales,2846.90,21955.94
2025-06-18,Software,4356.28,26054.83
2025-06-18,Hardware,2270.56,15667.93
2025-06-18,Services,5085.03,18852.78
2025-06-18,Sales,3327.50,21210.94
2025-06-19,Software,4341.85,31272.72
2025-06-19,Hardware,,19173.34
2025-06-19,Services,4176.55,16702.61
2025-06-19,Sales,2217.43,70609.65
2025-06-20,Software,4401.40,26695.94
2025-06-20,Hardware,3138.40,17599.90
2025-06-20,Services,3446.96,14937.34
2025-06-20,Sales,2511.14,19874.06
2025-06-21,Software,3160.71,28722.30
2025-06-21,Hardware,4054.56,20867.49
2025-06-21,Services,3646.62,15242.80
2025-06-21,Sales,3344.19,21348.37
2025-06-22,Software,,25205.33
2025-06-22,Hardware,3676.01,20099.11
2025-06-22,Services,3712.33,15571.85
2025-06-22,Sales,4249.50,23965.07
2025-06-23,Software,2811.10,21882.30
2025-06-23,Hardware,1428.48,13342.52
2025-06-23,Services,3681.25,65596.20
2025-06-23,Sales,4450.46,24529.11
2025-06-24,Software,3271.46,23155.63
2025-06-24,Hardware,4916.86,22275.46
2025-06-24,Services,5695.23,19775.09
2025-06-24,Sales,3949.05,22694.66
2025-06-25,Software,2079.72,20003.27
2025-06-25,Hardware,4478.13,21501.80
2025-06-25,Services,4868.09,18366.59
2025-06-25,Sales,3628.36,22345.44
2025-06-26,Software,4798.22,
2025-06-26,Hardware,4112.53,20390.30
2025-06-26,Services,3672.43,15851.38
2025-06-26,Sales,2706.83,19510.86
2025-06-27,Software,2952.65,22387.74
2025-06-27,Hardware,2859.81,18080.55
2025-06-27,Services,3663.46,15784.36
2025-06-27,Sales,2998.98,20451.73
2025-06-28,Software,3329.90,24120.96
2025-06-28,Hardware,3032.43,19179.90
2025-06-28,Services,3418.39,15307.02
2025-06-28,Sales,4261.88,24211.27
2025-06-29,Software,4504.73,28339.34
2025-06-29,Hardware,3762.20,20884.50
2025-06-29,Services,3976.09,16324.70
2025-06-29,Sales,2693.50,21184.27
2025-06-30,Software,2839.95,22668.20
2025-06-30,Hardware,3505.48,20634.34
2025-06-30,Services,4872.88,18006.05
2025-06-30,Sales,892.40,13473.71
2025-07-01,Software,2321.69,20196.57
2025-07-01,Hardware,3411.27,20662.86
2025-07-01,Services,4241.15,16788.39
2025-07-01,Sales,2661.36,20844.59
2025-07-02,Software,4158.55,27280.51
2025-07-02,Hardware,3209.68,20217.42
2025-07-02,Services,2551.31,14446.98
2025-07-02,Sales,4546.27,25707.89
2025-07-03,Software,4932.42,30414.66
2025-07-03,Hardware,4292.38,21822.16
2025-07-03,Services,3033.89,15104.18
2025-07-03,Sales,2279.97,20627.08
2025-07-04,Software,1552.18,18100.62
2025-07-04,Hardware,3793.59,98128.28
2025-07-04,Services,4835.54,18968.55
2025-07-04,Sales,2434.26,19536.57
2025-07-05,Software,4721.85,30426.17
2025-07-05,Hardware,3287.36,20087.33
2025-07-05,Services,2741.19,14007.56
2025-07-05,Sales,3260.86,25049.73
2025-07-06,Software,4212.57,28247.81
2025-07-06,Hardware,4214.58,23244.43
2025-07-06,Services,4238.93,17969.24
2025-07-06,Sales,4314.15,25387.08
2025-07-07,Software,1424.67,16969.49
2025-07-07,Hardware,5023.07,26003.72
2025-07-07,Services,2310.19,13393.84
2025-07-07,Sales,,17456.32
2025-07-08,Software,4241.93,29581.41
2025-07-08,Hardware,5781.47,26470.35
2025-07-08,Services,4421.83,17965.83
2025-07-08,Sales,3012.71,21288.78
2025-07-09,Software,2163.14,20021.16
2025-07-09,Hardware,4554.41,
2025-07-09,Services,3691.38,16096.83
2025-07-09,Sales,4864.22,27259.49
2025-07-10,Software,2357.45,22360.99
2025-07-10,Hardware,2846.38,18684.98
2025-07-10,Services,4267.14,17557.15
2025-07-10,Sales,3318.15,23888.90
2025-07-11,Software,4787.42,30524.14
2025-07-11,Hardware,3546.16,20959.22
2025-07-11,Services,4122.52,17756.58
2025-07-11,Sales,3499.31,23156.98
2025-07-12,Software,2218.80,23481.26
2025-07-12,Hardware,2421.41,18124.65
2025-07-12,Services,5459.47,19871.77
2025-07-12,Sales,2161.50,19882.03
2025-07-13,Software,3679.63,24433.12
2025-07-13,Hardware,4041.48,21803.28
2025-07-13,Services,2192.92,12671.63
2025-07-13,Sales,4731.41,28456.26
2025-07-14,Software,2583.66,22260.00
2025-07-14,Hardware,1901.85,15150.41
2025-07-14,Services,,12641.65
2025-07-14,Sales,4024.13,24611.82
2025-07-15,Software,1934.46,
2025-07-15,Hardware,1996.81,15479.03
2025-07-15,Services,4098.44,16526.95
2025-07-15,Sales,3026.45,20956.88
2025-07-16,Software,4431.39,33788.88
2025-07-16,Hardware,3460.69,19022.04
2025-07-16,Services,3334.06,15434.02
2025-07-16,Sales,3341.67,23133.08
2025-07-17,Software,2670.49,24418.80
2025-07-17,Hardware,3570.30,19816.26
2025-07-17,Services,3387.72,15133.75
2025-07-17,Sales,2156.48,19192.62
2025-07-18,Software,3750.19,25088.28
2025-07-18,Hardware,3909.86,20466.44
2025-07-18,Services,3575.75,15438.31
2025-07-18,Sales,2431.01,18760.48
2025-07-19,Software,4597.63,4053.09
2025-07-19,Hardware,4215.54,21237.91
2025-07-19,Services,3981.69,16377.58
2025-07-19,Sales,1905.82,17612.26
2025-07-20,Software,4453.11,26578.94
2025-07-20,Hardware,3061.25,19599.53
2025-07-20,Services,4382.83,17437.21
2025-07-20,Sales,1913.02,18544.43
2025-07-21,Software,3573.33,23901.73
2025-07-21,Hardware,2739.48,17036.06
2025-07-21,Services,3925.70,16131.35
2025-07-21,Sales,993.22,14501.28
2025-07-22,Software,4381.25,29162.15
2025-07-22,Hardware,3149.02,18550.51
2025-07-22,Services,5097.01,18526.29
2025-07-22,Sales,3008.20,20821.29
2025-07-23,Software,1907.27,19784.56
2025-07-23,Hardware,3210.11,19119.71
2025-07-23,Services,4409.42,18090.93
2025-07-23,Sales,3900.71,23322.19
2025-07-24,Software,4313.84,27941.17
2025-07-24,Hardware,3557.28,21046.98
2025-07-24,Services,3861.06,16248.64
2025-07-24,Sales,2021.78,17072.86
2025-07-25,Software,2437.74,20616.98
2025-07-25,Hardware,4328.29,22118.72
2025-07-25,Services,2635.67,14455.91
2025-07-25,Sales,3511.92,22417.08
2025-07-26,Software,4802.59,29600.56
2025-07-26,Hardware,2721.94,18207.19
2025-07-26,Services,4097.69,16899.27
2025-07-26,Sales,4775.75,26975.26
2025-07-27,Software,4256.27,4297.08
2025-07-27,Hardware,4551.06,23260.08
2025-07-27,Services,3172.15,15179.10
2025-07-27,Sales,2526.72,20257.61
2025-07-28,Software,3341.50,24948.07
2025-07-28,Hardware,4496.90,23353.98
2025-07-28,Services,,16605.41
2025-07-28,Sales,2420.43,19998.27
2025-07-29,Software,2844.80,23825.67
2025-07-29,Hardware,5242.75,26529.45
2025-07-29,Services,1463.27,11324.87
2025-07-29,Sales,3598.75,23942.32
2025-07-30,Software,2565.34,24549.61
2025-07-30,Hardware,3635.76,20429.43
2025-07-30,Services,4732.38,18816.12
2025-07-30,Sales,3289.74,22626.08
2025-07-31,Software,4960.34,33392.61
2025-07-31,Hardware,3535.03,22374.57
2025-07-31,Services,2599.44,14748.29
2025-07-31,Sales,3991.68,25691.51
2025-08-01,Software,2816.41,22306.76
2025-08-01,Hardware,3184.23,20662.48
2025-08-01,Services,2893.50,14729.10
2025-08-01,Sales,3223.15,21784.83
2025-08-02,Software,5752.09,34312.13
2025-08-02,Hardware,2726.91,18952.87
2025-08-02,Services,3136.20,15732.13
2025-08-02,Sales,2859.37,20910.52
2025-08-03,Software,1280.73,17962.96
2025-08-03,Hardware,,24099.66
2025-08-03,Services,5141.31,19404.05
2025-08-03,Sales,,22633.82
2025-08-04,Software,3232.02,27060.76
2025-08-04,Hardware,1862.77,15776.13
2025-08-04,Services,3662.37,16851.36
2025-08-04,Sales,4073.54,25246.18
2025-08-05,Software,4219.02,
2025-08-05,Hardware,2167.29,17506.30
2025-08-05,Services,4073.11,17422.28
2025-08-05,Sales,4937.25,27744.54
2025-08-06,Software,1358.52,19589.04
2025-08-06,Hardware,3202.21,20479.77
2025-08-06,Services,3677.90,68668.85
2025-08-06,Sales,3406.59,23654.20
2025-08-07,Software,3868.87,31053.94
2025-08-07,Hardware,1961.40,16188.17
2025-08-07,Services,2719.99,14955.19
2025-08-07,Sales,3595.69,23500.19
2025-08-08,Software,3679.31,27526.52
2025-08-08,Hardware,1941.90,16831.89
2025-08-08,Services,2618.75,
2025-08-08,Sales,4694.24,27709.26
2025-08-09,Software,3186.45,28201.32
2025-08-09,Hardware,3212.33,19461.33
2025-08-09,Services,3880.94,17127.46
2025-08-09,Sales,3931.51,24523.87
2025-08-10,Software,3320.91,25546.05
2025-08-10,Hardware,4906.41,25914.97
2025-08-10,Services,3262.44,16094.86
2025-08-10,Sales,1975.22,18517.60
2025-08-11,Software,3506.99,26393.38
2025-08-11,Hardware,3258.49,19580.67
2025-08-11,Services,2877.47,14753.48
2025-08-11,Sales,,26911.86
2025-08-12,Software,3586.31,26491.01
2025-08-12,Hardware,5114.58,26169.31
2025-08-12,Services,3947.66,16885.73
2025-08-12,Sales,3639.82,25664.97
2025-08-13,Software,3788.06,28503.12
2025-08-13,Hardware,3800.12,21459.09
2025-08-13,Services,4505.54,18305.96
2025-08-13,Sales,2313.17,19330.29
2025-08-14,Software,4803.84,37254.44
2025-08-14,Hardware,2235.89,17026.93
2025-08-14,Services,5521.45,20130.90
2025-08-14,Sales,2920.91,23424.49
2025-08-15,Software,4365.06,28553.48
2025-08-15,Hardware,3547.74,20908.32
2025-08-15,Services,3834.84,16974.93
2025-08-15,Sales,3517.51,23499.86
2025-08-16,Software,3758.97,28444.72
2025-08-16,Hardware,3746.23,21391.66
2025-08-16,Services,4766.73,18627.42
2025-08-16,Sales,1573.30,16647.75
2025-08-17,Software,2770.23,24443.56
2025-08-17,Hardware,3041.51,19364.98
2025-08-17,Services,3719.04,16375.12
2025-08-17,Sales,2891.36,21239.61
2025-08-18,Software,2820.32,21480.04
2025-08-18,Hardware,3773.67,22522.89
2025-08-18,Services,4186.45,
2025-08-18,Sales,2234.94,20366.95
2025-08-19,Software,4868.90,31372.82
2025-08-19,Hardware,2354.72,17485.20
2025-08-19,Services,4400.32,17444.60
2025-08-19,Sales,2417.15,20265.37
2025-08-20,Software,3885.99,
2025-08-20,Hardware,3426.86,20411.73
2025-08-20,Services,1906.36,12096.74
2025-08-20,Sales,3684.93,24331.25
2025-08-21,Software,4276.46,31058.12
2025-08-21,Hardware,2861.75,17748.67
2025-08-21,Services,4989.71,19033.21
2025-08-21,Sales,3657.52,23845.71
2025-08-22,Software,3954.88,27519.84
2025-08-22,Hardware,3127.65,19215.80
2025-08-22,Services,3006.53,14621.77
2025-08-22,Sales,4246.36,
2025-08-23,Software,2728.69,3470.41
2025-08-23,Hardware,2893.65,18856.53
2025-08-23,Services,2514.77,13752.49
2025-08-23,Sales,2544.43,
2025-08-24,Software,4045.85,27426.95
2025-08-24,Hardware,1760.01,14538.06
2025-08-24,Services,3190.56,15163.57
2025-08-24,Sales,5345.59,29593.47
2025-08-25,Software,3843.54,27531.03
2025-08-25,Hardware,,23718.92
2025-08-25,Services,2758.61,14470.20
2025-08-25,Sales,3887.82,24906.58
2025-08-26,Software,2908.13,22568.87
2025-08-26,Hardware,3895.06,20779.58
2025-08-26,Services,4834.95,18857.67
2025-08-26,Sales,3607.34,23887.27
2025-08-27,Software,2345.54,22074.61
2025-08-27,Hardware,2504.40,18325.46
2025-08-27,Services,3589.84,16523.66
2025-08-27,Sales,3976.90,26195.03
2025-08-28,Software,,24136.14
2025-08-28,Hardware,2350.21,
2025-08-28,Services,2151.80,13316.08
2025-08-28,Sales,4812.63,27926.98
2025-08-29,Software,5246.30,35170.21
2025-08-29,Hardware,2673.98,18767.46
2025-08-29,Services,2909.51,15645.99
2025-08-29,Sales,4642.42,27760.82
2025-08-30,Software,3420.26,28450.15
2025-08-30,Hardware,4023.26,22530.41
2025-08-30,Services,3872.64,17476.73
2025-08-30,Sales,4075.97,26112.82
2025-08-31,Software,4512.02,31844.29
2025-08-31,Hardware,2832.47,18856.27
2025-08-31,Services,2622.12,14866.52
2025-08-31,Sales,3980.28,27650.82
2025-09-01,Software,4465.54,30695.03
2025-09-01,Hardware,4401.93,23554.02
2025-09-01,Services,3204.50,16137.67
2025-09-01,Sales,3896.74,
2025-09-02,Software,2846.52,26780.43
2025-09-02,Hardware,2970.24,20357.73
2025-09-02,Services,3717.87,17157.15
2025-09-02,Sales,4768.08,28950.05
2025-09-03,Software,2225.03,25063.14
2025-09-03,Hardware,,18415.68
2025-09-03,Services,2955.82,65589.73
2025-09-03,Sales,2409.75,20856.89
2025-09-04,Software,1925.48,22138.29
2025-09-04,Hardware,4447.18,24734.66
2025-09-04,Services,5106.00,20083.19
2025-09-04,Sales,3022.55,22563.56
2025-09-05,Software,4504.65,30478.33
2025-09-05,Hardware,4025.10,97577.05
2025-09-05,Services,3294.24,16033.57
2025-09-05,Sales,3933.15,25175.38
2025-09-06,Software,4662.89,30743.10
2025-09-06,Hardware,3368.61,21329.88
2025-09-06,Services,4268.67,18250.77
2025-09-06,Sales,5213.67,30579.05
2025-09-07,Software,2411.11,24500.63
2025-09-07,Hardware,3391.37,20897.58
2025-09-07,Services,5404.12,20359.83
2025-09-07,Sales,4551.79,28480.58
2025-09-08,Software,1345.07,20073.11
2025-09-08,Hardware,3482.57,21964.34
2025-09-08,Services,3027.48,15657.41
2025-09-08,Sales,4519.73,29232.99
2025-09-09,Software,3947.31,27879.90
2025-09-09,Hardware,3996.83,25326.32
2025-09-09,Services,3180.45,15617.82
2025-09-09,Sales,2730.81,21292.58
2025-09-10,Software,4382.14,30092.65
2025-09-10,Hardware,5664.05,27550.91
2025-09-10,Services,1663.43,12634.02
2025-09-10,Sales,2496.57,21851.84
2025-09-11,Software,3120.26,24111.74
2025-09-11,Hardware,408.33,
2025-09-11,Services,2728.79,14696.33
2025-09-11,Sales,2237.01,20139.42
2025-09-12,Software,3809.20,26038.67
2025-09-12,Hardware,2719.11,18782.59
2025-09-12,Services,4473.73,18360.33
2025-09-12,Sales,4372.83,26777.27
2025-09-13,Software,3304.61,26934.24
2025-09-13,Hardware,3827.59,23014.79
2025-09-13,Services,2798.40,14558.53
2025-09-13,Sales,2356.00,
2025-09-14,Software,3570.07,24625.33
2025-09-14,Hardware,,19977.14
2025-09-14,Services,2314.02,13488.07
2025-09-14,Sales,2875.38,20812.38
2025-09-15,Software,3154.32,26797.70
2025-09-15,Hardware,3848.32,21886.66
2025-09-15,Services,3936.77,17217.77
2025-09-15,Sales,4720.49,28597.72
2025-09-16,Software,2629.99,22038.53
2025-09-16,Hardware,3635.30,22514.92
2025-09-16,Services,4067.75,17299.37
2025-09-16,Sales,2345.40,24333.08
2025-09-17,Software,2478.02,25070.85
2025-09-17,Hardware,3042.96,18999.82
2025-09-17,Services,3676.16,17113.95
2025-09-17,Sales,3993.19,26552.55
2025-09-18,Software,2864.48,26197.88
2025-09-18,Hardware,3543.50,20422.81
2025-09-18,Services,3869.53,16927.16
2025-09-18,Sales,4416.61,4072.01
2025-09-19,Software,3461.40,26082.39
2025-09-19,Hardware,4029.73,22219.17
2025-09-19,Services,2806.35,14848.69
2025-09-19,Sales,3224.07,23791.64
2025-09-20,Software,2144.91,
2025-09-20,Hardware,3495.42,20806.08
2025-09-20,Services,3888.30,17256.20
2025-09-20,Sales,,18233.39
2025-09-21,Software,4527.32,30804.50
2025-09-21,Hardware,3040.70,19933.60
2025-09-21,Services,3781.61,17055.48
2025-09-21,Sales,3169.25,23066.87
2025-09-22,Software,4317.95,
2025-09-22,Hardware,3666.82,21634.28
2025-09-22,Services,,16100.16
2025-09-22,Sales,4157.07,26677.91
2025-09-23,Software,4236.28,30215.89
2025-09-23,Hardware,4522.57,26354.02
2025-09-23,Services,3204.41,15765.10
2025-09-23,Sales,2600.19,
2025-09-24,Software,3965.47,27978.27
2025-09-24,Hardware,5095.51,25274.39
2025-09-24,Services,2636.25,14731.92
2025-09-24,Sales,2985.87,22976.09
2025-09-25,Software,4934.01,31099.41
2025-09-25,Hardware,6300.44,29050.85
2025-09-25,Services,3046.71,16080.34
2025-09-25,Sales,3176.94,23675.84
2025-09-26,Software,3700.62,
2025-09-26,Hardware,2949.55,19394.12
2025-09-26,Services,3429.22,16442.77
2025-09-26,Sales,2017.09,20238.76
2025-09-27,Software,4022.37,29836.09
2025-09-27,Hardware,4343.66,24280.46
2025-09-27,Services,4394.45,77710.97
2025-09-27,Sales,2418.88,20863.41
2025-09-28,Software,3318.24,26415.29
2025-09-28,Hardware,1733.18,18524.51
2025-09-28,Services,2937.72,15424.49
2025-09-28,Sales,3892.25,25829.73
2025-09-29,Software,,31006.11
2025-09-29,Hardware,1744.10,18480.66
2025-09-29,Services,3476.48,17398.18
2025-09-29,Sales,3522.29,24835.13
2025-09-30,Software,5117.76,35001.86
2025-09-30,Hardware,3220.96,21080.62
2025-09-30,Services,1843.89,13276.55
2025-09-30,Sales,4240.87,28554.41
2025-10-01,Software,5579.68,33320.12
2025-10-01,Hardware,3137.59,21915.54
2025-10-01,Services,3934.17,18312.05
2025-10-01,Sales,2324.89,20466.26
2025-10-02,Software,2021.31,22305.52
2025-10-02,Hardware,3029.92,
2025-10-02,Services,4041.25,18368.17
2025-10-02,Sales,4338.10,27908.44
2025-10-03,Software,1807.98,21772.53
2025-10-03,Hardware,4657.70,25315.43
2025-10-03,Services,,16161.03
2025-10-03,Sales,3724.80,26313.19
2025-10-04,Software,4561.17,32793.53
2025-10-04,Hardware,2696.21,
2025-10-04,Services,3040.70,16498.86
2025-10-04,Sales,2738.97,22537.36
2025-10-05,Software,4002.57,31721.04
2025-10-05,Hardware,2888.67,20395.82
2025-10-05,Services,2911.08,15839.26
2025-10-05,Sales,2825.96,22538.53
2025-10-06,Software,3438.48,26832.38
2025-10-06,Hardware,2113.95,18535.50
2025-10-06,Services,3247.83,16922.29
2025-10-06,Sales,2527.41,
2025-10-07,Software,3537.16,28185.77
2025-10-07,Hardware,3876.24,23193.26
2025-10-07,Services,2152.76,14203.21
2025-10-07,Sales,2665.67,22551.67
2025-10-08,Software,3405.67,31510.41
2025-10-08,Hardware,2656.99,20622.11
2025-10-08,Services,4403.98,19113.94
2025-10-08,Sales,2835.04,22659.00
2025-10-09,Software,3437.83,30292.47
2025-10-09,Hardware,3270.46,23378.43
2025-10-09,Services,2890.99,15526.53
2025-10-09,Sales,2059.68,20908.49
2025-10-10,Software,3879.79,28817.17
2025-10-10,Hardware,4502.94,25766.61
2025-10-10,Services,3684.61,17281.25
2025-10-10,Sales,3849.60,24754.07
2025-10-11,Software,3325.81,26451.71
2025-10-11,Hardware,3491.02,22031.30
2025-10-11,Services,3097.25,
2025-10-11,Sales,4323.55,28094.38
2025-10-12,Software,2592.49,26415.92
2025-10-12,Hardware,3654.66,21412.52
2025-10-12,Services,2173.94,13912.38
2025-10-12,Sales,4654.54,28342.83
2025-10-13,Software,3131.88,25158.05
2025-10-13,Hardware,3310.74,22522.06
2025-10-13,Services,2175.59,13665.77
2025-10-13,Sales,3779.52,25205.68
2025-10-14,Software,3075.98,27008.62
2025-10-14,Hardware,3778.46,
2025-10-14,Services,3323.19,16338.00
2025-10-14,Sales,4316.58,26982.12
2025-10-15,Software,2621.96,22756.24
2025-10-15,Hardware,5201.19,25795.15
2025-10-15,Services,5063.80,20152.64
2025-10-15,Sales,5560.31,30447.93
2025-10-16,Software,2063.46,21091.86
2025-10-16,Hardware,4190.49,24451.55
2025-10-16,Services,4822.36,19424.67
2025-10-16,Sales,4568.06,27341.13
2025-10-17,Software,4802.01,31866.78
2025-10-17,Hardware,3485.82,20708.56
2025-10-17,Services,5890.14,21988.41
2025-10-17,Sales,4044.00,27787.83
2025-10-18,Software,2432.23,23804.92
2025-10-18,Hardware,1768.01,16490.19
2025-10-18,Services,2203.73,13956.00
2025-10-18,Sales,2847.14,21448.12
2025-10-19,Software,3240.49,27076.81
2025-10-19,Hardware,2684.80,18941.93
2025-10-19,Services,3163.86,16034.32
2025-10-19,Sales,2851.77,22412.91
2025-10-20,Software,3442.00,27636.79
2025-10-20,Hardware,3281.05,21521.23
2025-10-20,Services,4308.14,18503.39
2025-10-20,Sales,4248.51,25904.36
2025-10-21,Software,4158.75,29787.97
2025-10-21,Hardware,3826.50,22586.95
2025-10-21,Services,3750.96,17309.70
2025-10-21,Sales,2161.19,19881.30
2025-10-22,Software,3296.63,26203.02
2025-10-22,Hardware,2707.79,19596.86
2025-10-22,Services,4234.33,19274.20
2025-10-22,Sales,4052.00,27839.53
2025-10-23,Software,3069.40,27545.48
2025-10-23,Hardware,3077.46,20441.94
2025-10-23,Services,2188.66,14208.83
2025-10-23,Sales,4130.55,26853.39
2025-10-24,Software,2987.58,27916.71
2025-10-24,Hardware,3970.15,23369.52
2025-10-24,Services,3558.46,17090.82
2025-10-24,Sales,3204.33,25427.85
2025-10-25,Software,2404.31,22274.26
2025-10-25,Hardware,3512.53,21397.50
2025-10-25,Services,2212.33,14336.92
2025-10-25,Sales,3482.46,25912.91
2025-10-27,Software,3997.02,30873.25
2025-10-27,Hardware,2754.70,
2025-10-27,Services,4373.91,19046.12
2025-10-27,Sales,4595.76,27999.05
2025-10-28,Software,3145.49,30834.80
2025-10-28,Hardware,4721.92,24698.52
2025-10-28,Services,3904.65,18631.70
2025-10-28,Sales,2849.89,23284.53
2025-10-29,Software,4268.94,31385.08
2025-10-29,Hardware,2556.51,19097.16
2025-10-29,Services,3815.13,18325.51
2025-10-29,Sales,1304.78,17997.54
2025-10-30,Software,3962.73,31059.75
2025-10-30,Hardware,3511.92,24348.10
2025-10-30,Services,2468.16,15475.54
2025-10-30,Sales,3515.33,27095.88
2025-10-31,Software,3107.69,28595.17
2025-10-31,Hardware,4399.76,25405.12
2025-10-31,Services,,19096.72
2025-10-31,Sales,5646.77,32242.26
2025-11-01,Software,3540.27,28620.18
2025-11-01,Hardware,4738.31,27081.55
2025-11-01,Services,2147.75,14519.51
2025-11-01,Sales,2428.96,22523.01
2025-11-02,Software,3252.85,26730.76
2025-11-02,Hardware,3759.47,22742.15
2025-11-02,Services,4259.42,19129.15
2025-11-02,Sales,3559.32,25774.22
2025-11-03,Software,4729.96,33109.78
2025-11-03,Hardware,4600.23,28000.94
2025-11-03,Services,3453.54,17275.33
2025-11-03,Sales,4343.06,29332.31
2025-11-04,Software,1572.91,22130.82
2025-11-04,Hardware,4142.83,24882.46
2025-11-04,Services,5051.89,20565.94
2025-11-04,Sales,4684.00,29208.91
2025-11-05,Software,2610.26,26114.83
2025-11-05,Hardware,3947.86,25037.51
2025-11-05,Services,4383.16,19348.06
2025-11-05,Sales,2918.03,22966.03
2025-11-06,Software,4558.50,32644.10
2025-11-06,Hardware,4680.73,26298.04
2025-11-06,Services,3649.96,17730.72
2025-11-06,Sales,4153.31,26616.80
2025-11-07,Software,4143.89,30733.27
2025-11-07,Hardware,2818.53,26208.40
2025-11-07,Services,5737.57,22117.90
2025-11-07,Sales,3726.44,26697.24
2025-11-08,Software,530.00,18018.29
2025-11-08,Hardware,3506.68,24258.26
2025-11-08,Services,3661.23,17810.50
2025-11-08,Sales,3584.23,26905.10
2025-11-09,Software,2651.14,25290.22
2025-11-09,Hardware,2636.68,20759.85
2025-11-09,Services,3606.64,17320.10
2025-11-09,Sales,3960.83,27728.28
2025-11-10,Software,4209.45,32727.68
2025-11-10,Hardware,4181.86,24914.65
2025-11-10,Services,,17064.74
2025-11-10,Sales,1767.55,20011.86
2025-11-11,Software,2341.18,22911.13
2025-11-11,Hardware,1922.96,18807.51
2025-11-11,Services,3517.08,17390.07
2025-11-11,Sales,4314.66,29837.93
2025-11-12,Software,1773.54,21326.20
2025-11-12,Hardware,3161.76,21936.33
2025-11-12,Services,4817.97,20054.00
2025-11-12,Sales,3824.25,26253.58
2025-11-13,Software,2737.64,25315.09
2025-11-13,Hardware,4493.99,26343.17
2025-11-13,Services,3732.96,17704.05
2025-11-13,Sales,4146.80,26966.60
2025-11-14,Software,5083.37,34628.48
2025-11-14,Hardware,3361.01,21251.23
2025-11-14,Services,2299.56,14752.27
2025-11-14,Sales,4779.95,28786.72
2025-11-15,Software,3659.60,28617.01
2025-11-15,Hardware,3078.29,21974.42
2025-11-15,Services,5155.88,20960.44
2025-11-15,Sales,2814.16,21764.44
2025-11-16,Software,3755.83,26547.46
2025-11-16,Hardware,3807.06,23252.88
2025-11-16,Services,3419.36,16733.64
2025-11-16,Sales,1793.66,19139.13
2025-11-17,Software,5037.28,32874.65
2025-11-17,Hardware,,26481.71
2025-11-17,Services,4200.89,18881.88
2025-11-17,Sales,3516.41,25416.34
2025-11-18,Software,3727.65,29718.17
2025-11-18,Hardware,2602.44,
2025-11-18,Services,4155.26,18744.64
2025-11-18,Sales,3194.54,24260.43
2025-11-19,Software,3462.05,32713.92
2025-11-19,Hardware,3123.18,21575.26
2025-11-19,Services,3213.14,16560.44
2025-11-19,Sales,4544.71,28581.22
2025-11-20,Software,4083.97,30693.49
2025-11-20,Hardware,3654.88,25784.23
2025-11-20,Services,2948.33,16684.30
2025-11-20,Sales,3004.40,22351.13
2025-11-21,Software,3593.89,29925.32
2025-11-21,Hardware,4376.05,24018.77
2025-11-21,Services,2316.17,
2025-11-21,Sales,3154.86,28121.53
2025-11-22,Software,2579.63,25631.05
2025-11-22,Hardware,3512.39,
2025-11-22,Services,1968.85,14179.21
2025-11-22,Sales,2446.78,24118.73
2025-11-23,Software,1683.64,22622.27
2025-11-23,Hardware,4640.62,24655.43
2025-11-23,Services,3366.86,16985.52
2025-11-23,Sales,4927.05,29224.34
2025-11-24,Software,2856.16,26043.77
2025-11-24,Hardware,922.30,14457.20
2025-11-24,Services,3849.16,18167.66
2025-11-24,Sales,3935.12,27525.66
2025-11-25,Software,,27595.22
2025-11-25,Hardware,4390.07,25418.28
2025-11-25,Services,4355.80,19208.67
2025-11-25,Sales,2909.51,24420.23
2025-11-26,Software,5184.34,
2025-11-26,Hardware,1821.52,18417.86
2025-11-26,Services,4406.01,19428.30
2025-11-26,Sales,5065.52,30762.77
2025-11-27,Software,3353.95,29829.26
2025-11-27,Hardware,2859.16,21791.85
2025-11-27,Services,3129.10,
2025-11-27,Sales,3424.71,25736.84
2025-11-28,Software,4224.72,32220.95
2025-11-28,Hardware,3875.01,24398.55
2025-11-28,Services,3025.50,2581.20
2025-11-28,Sales,3014.48,25287.92
2025-11-29,Software,3954.33,4742.65
2025-11-29,Hardware,3320.87,22293.96
2025-11-29,Services,3267.01,17282.01
2025-11-29,Sales,3309.25,28864.32
2025-11-30,Software,2925.50,25840.51
2025-11-30,Hardware,3150.97,23887.05
2025-11-30,Services,2457.17,16062.96
2025-11-30,Sales,2265.76,21838.02
2025-12-01,Software,1736.67,24847.53
2025-12-01,Hardware,2627.50,20654.75
2025-12-01,Services,3071.96,16758.55
2025-12-01,Sales,2904.63,24087.41
2025-12-02,Software,4430.30,35629.78
2025-12-02,Hardware,1846.43,
2025-12-02,Services,2961.33,16743.36
2025-12-02,Sales,4250.78,29890.28
2025-12-03,Software,5016.72,34330.88
2025-12-03,Hardware,2793.54,20771.15
2025-12-03,Services,5877.19,23092.87
2025-12-03,Sales,3844.76,27031.00
2025-12-04,Software,3503.33,28579.11
2025-12-04,Hardware,2948.77,22724.02
2025-12-04,Services,3149.11,17419.18
2025-12-04,Sales,3988.13,28034.99
2025-12-05,Software,3247.75,29691.59
2025-12-05,Hardware,3426.90,24888.84
2025-12-05,Services,3418.03,17821.73
2025-12-05,Sales,3887.06,28100.98
2025-12-06,Software,3108.08,28692.41
2025-12-06,Hardware,4628.58,27011.83
2025-12-06,Services,4212.51,19647.43
2025-12-06,Sales,2774.97,
2025-12-07,Software,5036.08,34409.58
2025-12-07,Hardware,3106.52,22422.98
2025-12-07,Services,3479.81,17916.48
2025-12-07,Sales,3537.35,26884.85
2025-12-08,Software,4373.11,31032.69
2025-12-08,Hardware,3778.43,25400.16
2025-12-08,Services,2595.03,16180.54
2025-12-08,Sales,2855.88,108041.58
2025-12-09,Software,3754.78,29508.85
2025-12-09,Hardware,5653.88,28521.46
2025-12-09,Services,3849.10,18458.41
2025-12-09,Sales,1318.06,18046.08
2025-12-10,Software,4119.18,30562.00
2025-12-10,Hardware,3534.69,22909.47
2025-12-10,Services,2369.64,15853.59
2025-12-10,Sales,3468.05,25878.77
2025-12-11,Software,4149.81,32200.35
2025-12-11,Hardware,3772.27,23933.19
2025-12-11,Services,2989.84,16431.52
2025-12-11,Sales,4889.09,29861.72
2025-12-12,Software,2954.29,28072.68
2025-12-12,Hardware,6063.04,29233.18
2025-12-12,Services,2297.61,15192.19
2025-12-12,Sales,2046.04,21812.42
2025-12-13,Software,1896.57,25664.04
2025-12-13,Hardware,4593.09,28046.62
2025-12-13,Services,4153.45,18921.78
2025-12-13,Sales,3299.08,26663.80
2025-12-14,Software,3342.53,34075.65
2025-12-14,Hardware,4060.21,
2025-12-14,Services,3251.26,17324.73
2025-12-14,Sales,2852.48,24491.56
2025-12-15,Software,4934.40,33843.07
2025-12-15,Hardware,4504.05,25094.87
2025-12-15,Services,2960.56,16360.53
2025-12-15,Sales,4981.38,30315.94
2025-12-16,Software,4555.00,32267.76
2025-12-16,Hardware,3063.86,22775.36
2025-12-16,Services,3687.81,18478.70
2025-12-16,Sales,1923.88,20344.32
2025-12-17,Software,3874.14,134929.34
2025-12-17,Hardware,3745.51,23149.42
2025-12-17,Services,5454.15,21292.77
2025-12-17,Sales,4068.25,28135.96
2025-12-18,Software,4494.48,37983.30
2025-12-18,Hardware,3581.87,22986.64
2025-12-18,Services,3557.47,17667.28
2025-12-18,Sales,3150.10,23581.19
2025-12-19,Software,4217.96,29723.88
2025-12-19,Hardware,3591.18,22350.24
2025-12-19,Services,3176.02,16817.89
2025-12-19,Sales,4247.95,28488.12
2025-12-20,Software,4445.54,31490.32
2025-12-20,Hardware,4332.88,27153.45
2025-12-20,Services,3415.51,17362.35
2025-12-20,Sales,4970.14,29701.27
2025-12-21,Software,4484.22,31590.85
2025-12-21,Hardware,2298.13,19404.45
2025-12-21,Services,2644.42,15890.80
2025-12-21,Sales,3964.84,27886.54
2025-12-22,Software,1900.25,22764.25
2025-12-22,Hardware,2435.23,19086.79
2025-12-22,Services,3086.48,17424.47
2025-12-22,Sales,1235.97,19028.73
2025-12-23,Software,4670.77,34521.61
2025-12-23,Hardware,2496.72,20388.58
2025-12-23,Services,3339.78,17696.71
2025-12-23,Sales,3067.47,24577.07
2025-12-24,Software,3261.33,27971.78
2025-12-24,Hardware,4308.98,25564.31
2025-12-24,Services,2314.18,15582.18
2025-12-24,Sales,1953.03,19962.49
2025-12-25,Software,2811.78,27475.28
2025-12-25,Hardware,3640.30,22562.00
2025-12-25,Services,3628.44,18243.64
2025-12-25,Sales,3218.48,25463.94
2025-12-26,Software,2748.70,26626.56
2025-12-26,Hardware,3150.01,22064.22
2025-12-26,Services,2561.46,16511.11
2025-12-26,Sales,2434.00,23000.90
2025-12-27,Software,3082.72,27615.58
2025-12-27,Hardware,3610.91,24121.66
2025-12-27,Services,2671.82,16245.71
2025-12-27,Sales,3944.43,27950.33
2025-12-28,Software,3296.60,28600.25
2025-12-28,Hardware,3138.82,21928.73
2025-12-28,Services,3824.79,18700.72
2025-12-28,Sales,3294.44,29181.48
2025-12-29,Software,2188.23,
2025-12-29,Hardware,2287.06,19984.88
2025-12-29,Services,3452.25,18178.36
2025-12-29,Sales,,
2025-12-30,Software,3030.78,27321.90
2025-12-30,Hardware,4646.34,26687.56
2025-12-30,Services,3491.10,18178.16
2025-12-30,Sales,3948.64,29508.49
2025-12-31,Software,2849.60,29480.96
2025-12-31,Hardware,5253.42,28492.10
2025-12-31,Services,3496.71,18212.00
2025-12-31,Sales,3148.25,25232.72
2026-01-01,Software,3440.48,29614.97
2026-01-01,Hardware,2521.22,20774.06
2026-01-01,Services,4190.64,20301.22
2026-01-01,Sales,3117.81,24925.02
2026-01-02,Software,3422.04,31018.85
2026-01-02,Hardware,5144.16,28171.12
2026-01-02,Services,2996.47,2631.63
2026-01-02,Sales,3559.86,28227.23
2026-01-03,Software,3009.93,28181.00
2026-01-03,Hardware,1700.91,18767.37
2026-01-03,Services,4781.31,21069.37
2026-01-03,Sales,3354.02,25601.72
2026-01-04,Software,1634.59,22278.65
2026-01-04,Hardware,2653.92,21748.74
2026-01-04,Services,4149.83,19818.82
2026-01-04,Sales,3452.57,28616.42
2026-01-05,Software,,35765.23
2026-01-05,Hardware,2714.15,21173.10
2026-01-05,Services,2495.29,16727.35
2026-01-05,Sales,4948.14,32101.61
2026-01-06,Software,1432.50,22816.41
2026-01-06,Hardware,4345.44,26076.04
2026-01-06,Services,4558.71,21018.47
2026-01-06,Sales,,25999.71
2026-01-07,Software,3932.68,31462.04
2026-01-07,Hardware,2207.03,19559.78
2026-01-07,Services,3826.15,19248.70
2026-01-07,Sales,4899.98,31007.05
2026-01-08,Software,4278.41,34991.93
2026-01-08,Hardware,4486.86,27018.87
2026-01-08,Services,3200.82,17812.54
2026-01-08,Sales,5055.37,30848.43
2026-01-09,Software,2933.99,29554.44
2026-01-09,Hardware,3663.95,23182.43
2026-01-09,Services,3153.90,73792.27
2026-01-09,Sales,2570.77,23808.70
2026-01-10,Software,2626.03,27175.77
2026-01-10,Hardware,2962.44,22206.46
2026-01-10,Services,3429.23,17844.07
2026-01-10,Sales,4316.23,29500.04
2026-01-11,Software,1591.97,21015.24
2026-01-11,Hardware,2587.13,21519.06
2026-01-11,Services,2202.27,15275.64
2026-01-11,Sales,2838.29,26414.05
2026-01-12,Software,4419.43,35695.38
2026-01-12,Hardware,3975.40,23986.62
2026-01-12,Services,4048.95,18959.59
2026-01-12,Sales,4948.57,30358.83
2026-01-13,Software,2703.21,28449.78
2026-01-13,Hardware,4913.38,
2026-01-13,Services,4476.14,
2026-01-13,Sales,3609.47,26492.77
2026-01-14,Software,,28719.80
2026-01-14,Hardware,3051.37,21929.27
2026-01-14,Services,2841.72,16747.39
2026-01-14,Sales,3724.89,28203.59
2026-01-15,Software,3178.49,28532.19
2026-01-15,Hardware,2246.80,19012.47
2026-01-15,Services,3438.28,17727.43
2026-01-15,Sales,3211.13,25867.17
2026-01-16,Software,3476.75,31757.66
2026-01-16,Hardware,2854.03,21078.30
2026-01-16,Services,5201.55,21713.21
2026-01-16,Sales,4496.41,30001.24
2026-01-17,Software,4254.42,32249.59
2026-01-17,Hardware,3542.90,24013.60
2026-01-17,Services,,16247.44
2026-01-17,Sales,2859.20,24510.65
2026-01-18,Software,2685.76,25709.57
2026-01-18,Hardware,1891.52,19990.78
2026-01-18,Services,3220.29,17256.38
2026-01-18,Sales,4760.84,30231.82
2026-01-19,Software,3479.57,27910.09
2026-01-19,Hardware,4544.96,27941.29
2026-01-19,Services,4190.59,81744.83
2026-01-19,Sales,2609.73,22725.77
2026-01-20,Software,3136.83,27294.00
2026-01-20,Hardware,3221.71,23909.37
2026-01-20,Services,4571.41,20155.66
2026-01-20,Sales,5232.46,32281.39
2026-01-21,Software,3937.51,32397.72
2026-01-21,Hardware,3667.41,24288.40
2026-01-21,Services,2897.87,16910.24
2026-01-21,Sales,4744.18,30617.85
2026-01-22,Software,2841.26,28971.74
2026-01-22,Hardware,4213.25,27108.46
2026-01-22,Services,,20718.94
2026-01-22,Sales,3891.92,27585.72
2026-01-23,Software,4675.93,32575.39
2026-01-23,Hardware,3118.83,22315.55
2026-01-23,Services,2475.29,16048.80
2026-01-23,Sales,2227.91,22045.99
2026-01-24,Software,3574.81,29659.90
2026-01-24,Hardware,3357.45,22585.80
2026-01-24,Services,2465.52,2442.00
2026-01-24,Sales,3199.29,25584.32
2026-01-25,Software,5453.95,36248.55
2026-01-25,Hardware,,24747.13
2026-01-25,Services,4163.45,20471.18
2026-01-25,Sales,6205.76,35373.65
2026-01-26,Software,4049.09,32090.09
2026-01-26,Hardware,3224.70,24206.30
2026-01-26,Services,3375.30,17993.77
2026-01-26,Sales,3082.86,25344.22
2026-01-27,Software,2626.89,27145.94
2026-01-27,Hardware,4745.29,28074.98
2026-01-27,Services,4416.41,21271.00
2026-01-27,Sales,3854.86,
2026-01-28,Software,5016.62,35547.78
2026-01-28,Hardware,3486.91,24231.44
2026-01-28,Services,2643.87,16721.37
2026-01-28,Sales,4964.47,32062.00
2026-01-29,Software,4210.27,32734.84
2026-01-29,Hardware,3683.92,25599.28
2026-01-29,Services,4674.00,21199.59
2026-01-29,Sales,4260.96,29414.32
2026-01-30,Software,1523.99,24350.46
2026-01-30,Hardware,4449.10,27060.68
2026-01-30,Services,3000.94,17643.72
2026-01-30,Sales,2040.61,23410.34
2026-01-31,Software,,
2026-01-31,Hardware,4633.01,28236.46
2026-01-31,Services,2136.49,16032.41
2026-01-31,Sales,2453.24,24379.20
2026-02-01,Software,2894.50,31253.72
2026-02-01,Hardware,3104.25,22658.03
2026-02-01,Services,4958.62,21923.25
2026-02-01,Sales,3934.01,
2026-02-02,Software,2600.71,26968.49
2026-02-02,Hardware,5264.04,28960.31
2026-02-02,Services,2009.36,15349.03
2026-02-02,Sales,2920.58,26828.80
2026-02-03,Software,3232.58,29453.15
2026-02-03,Hardware,4860.03,29771.32
2026-02-03,Services,1879.03,15448.17
2026-02-03,Sales,2432.24,24102.53
2026-02-04,Software,3543.67,30058.59
2026-02-04,Hardware,4875.41,29516.38
2026-02-04,Services,4243.88,20288.15
2026-02-04,Sales,3593.23,27873.11