customer_name,region,customer_size,yearly_revenue
"Horizon Infrastructure Nyrt.",North America,medium,509491361
"Cyber Industries Nyrt.",North America,large,679318607
"Horizon Analytics Nyrt.",North America,large,897667480
"Astra Infrastructure Zrt.",Asia-Pacific,medium,391443411
"Echo Media Kft.",Europe,medium,530825164
"Genesis Logistics Zrt.",Europe,medium,544152597
"Prime Dynamics Nyrt.",Europe,medium,630506554
"Helios Consulting Zrt.",North America,large,896867782
"Starlight Dynamics Nyrt.",Europe,small,301845337
"Pinnacle Solutions Zrt.",Asia-Pacific,medium,622611555
"Dynamic Logistics Kft.",Asia-Pacific,small,151584921
"Vanguard Networks Kft.",Europe,medium,495620815
"Solar Biotech Zrt.",Latin America,small,193136772
"Global Networks Kft.",Asia-Pacific,medium,357795086
"Crest Analytics Nyrt.",North America,small,310156333
"Vanguard Software Zrt.",North America,large,810137294
"Matrix Consulting Kft.",Europe,medium,581981140
"Horizon Media Kft.",North America,medium,423168850
"Starlight Robotics Kft.",North America,medium,628475202
"Infinitum Labs Kft.",Latin America,small,10000000
"Horizon Industries Kft.",Europe,medium,408487207
"Crest Group Zrt.",Latin America,small,112048434
"Starlight Analytics Kft.",Europe,medium,603715837
"Horizon Partners Nyrt.",Latin America,small,193813156
"Solar Enterprises Nyrt.",Latin America,small,211309241
"Prime Media Zrt.",Europe,medium,622854676
"Bridge Dynamics Kft.",North America,large,702148309
"Echo Ventures Zrt.",Europe,small,323397067
"Helios Enterprises Zrt.",North America,medium,660618503
"Matrix Software Kft.",Europe,large,734375351
"Global Capital Zrt.",Latin America,small,43453695
"Eco Logistics Zrt.",Asia-Pacific,small,323914358
"Starlight Holdings Zrt.",Europe,medium,468309201
"Vanguard Solutions Kft.",North America,large,800254826
"Matrix Holdings Zrt.",Europe,medium,433658460
"Vanguard Services Kft.",North America,medium,391377035
"Vanguard Dynamics Zrt.",Asia-Pacific,small,223752554
"Vanguard Partners Zrt.",Europe,large,790077271
"Dynamic Media Nyrt.",Europe,medium,403245674
"Nova Services Nyrt.",Asia-Pacific,medium,440836073
"Nexus Ventures Nyrt.",Europe,small,237536576
"Bridge Biotech Kft.",North America,large,699282454
"Horizon Holdings Kft.",Latin America,small,289700568
"Apex Energy Nyrt.",Europe,medium,534546111
"Global Digital Nyrt.",North America,large,938502189
"Astra Group Nyrt.",Asia-Pacific,medium,486921446
"Nexus Software Zrt.",North America,large,920470420
"Cyber Industries Zrt.",Europe,medium,424573793
"Omni Logistics Nyrt.",North America,large,825236169
"Starlight Partners Nyrt.",Europe,medium,541295822